{
  "name": "風之印記",
  "icon": "bloodmagic:airsigil",
  "category": "bloodmagic:alchemy_array/sigil",
  "extra_recipe_mappings": [
    [
      "bloodmagic:reagentair",
      1
    ],
    [
      "bloodmagic:airsigil",
      1
    ]
  ],
  "pages": [
    {
      "type": "text",
      "text": "Throws you in the direction you're facing, at a cost of 50 LP per use. Note that this does not provide any sort of Feather Falling effect, so be careful when landing! A good way to get around quickly, albeit with some risk. Many an unwary mage has met their end by running out of LP in their $(l:bloodmagic:altar/soul_network)Soul Network$() while flying miles above the countryside."
    },
    {
      "type": "crafting_2-step_sigil",
      "alchemy_table.heading": "風之試劑",
      "alchemy_table.recipe": "bloodmagic:alchemytable/reagent_air",
      "array.heading": "風之印記",
      "array.recipe": "bloodmagic:array/airsigil",
      "array.text": "$(italic)I feel lighter already..."
    }
  ]
}