{
  "name": "速掘印記",
  "icon": "bloodmagic:miningsigil",
  "category": "bloodmagic:alchemy_array/sigil",
  "extra_recipe_mappings": [
    [
      "bloodmagic:reagentfastminer",
      1
    ],
    [
      "bloodmagic:miningsigil",
      1
    ]
  ],
  "pages": [
    {
      "type": "text",
      "text": "The $(item)Sigil of the Fast Miner$() is a sigil that, when activated using shift-right-click, will consume 100LP every 10 seconds and apply the Haste potion effect. Thus, it increases your mining, digging, and cutting speeds. Crafted using the $(item)Mining Reagent$() and $(item)Reinforced Slate$() in an alchemy array."
    },
    {
      "type": "crafting_2-step_sigil",
      "alchemy_table.heading": "採掘試劑",
      "alchemy_table.recipe": "bloodmagic:alchemytable/reagent_fastminer",
      "array.heading": "速掘印記",
      "array.recipe": "bloodmagic:array/fastminersigil"
    },
    {
      "type": "image",
      "images": [
        "bloodmagic:images/entries/sigil/mining_sigil1.png",
        "bloodmagic:images/entries/sigil/mining_sigil2.png"
      ],
      "title": "Fast Miner Sigil Array",
      "border": true,
      "text": "The Sigil of the Fast Miner's array, plus its primary uses."
    }
  ]
}