{
  "name": "水之印記",
  "icon": "bloodmagic:watersigil",
  "category": "bloodmagic:alchemy_array/sigil",
  "extra_recipe_mappings": [
    [
      "bloodmagic:reagentwater",
      1
    ],
    [
      "bloodmagic:watersigil",
      1
    ]
  ],
  "pages": [
    {
      "type": "text",
      "text": "The $(item)Water Sigil$() is a rather simple sigil. By right clicking on a block, you can drain 100LP from your $(l:bloodmagic:altar/soul_network)Soul Network$(/l) to place a source block of water in the world. If there's not enough LP, it will instead drain the toll from your health. Crafted using a $(item)Water Reagent$() and a $(item)Blank Slate.$()"
    },
    {
      "type": "crafting_2-step_sigil",
      "alchemy_table.heading": "水之試劑",
      "alchemy_table.recipe": "bloodmagic:alchemytable/reagent_water",
      "array.heading": "水之印記",
      "array.recipe": "bloodmagic:array/watersigil",
      "array.text": "$(italic)Infinite water, anyone?"
    },
    {
      "type": "image",
      "images": [
        "bloodmagic:images/entries/sigil/water_sigil1.png",
        "bloodmagic:images/entries/sigil/water_sigil2.png"
      ],
      "title": "Water Sigil Array",
      "border": true,
      "text": "The Water Sigil, next to its crafting array, plus its primary use."
    }
  ]
}