{
  "name": "Activation Crystals",
  "icon": "bloodmagic:activationcrystalweak",
  "category": "bloodmagic:rituals",
  "extra_recipe_mappings": [
    [
      "bloodmagic:activationcrystalweak",
      1
    ],
    [
      "bloodmagic:activationcrystalawakened",
      3
    ]
  ],
  "pages": [
    {
      "type": "text",
      "text": "Your rituals require more than simply the correct arrangement of blocks and Sigils. An effort of will is required to open a channel from your Soul Network to the ritual, and The $(item)Activation Crystal$() will allow you to focus yourself enough to activate your rituals."
    },
    {
      "type": "crafting_altar",
      "heading": "[虛弱]啟動水晶",
      "recipe": "bloodmagic:weak_activation_crystal",
      "text": "This crystal should do for now."
    },
    {
      "type": "text",
      "text": "Eventually, you will find rituals that are too demanding for your current crystal. For now, you do not know what to do, save that a stronger crystal will be needed..."
    },
    {
      "type": "text",
      "title": "[覺醒]啟動水晶",
      "text": "Not Yet Implemented."
    }
  ]
}