{
  "name": "The Ritual Diviner",
  "icon": "bloodmagic:ritualdiviner",
  "category": "bloodmagic:rituals",
  "extra_recipe_mappings": [
    [
      "bloodmagic:airscribetool",
      4
    ],
    [
      "bloodmagic:firescribetool",
      4
    ],
    [
      "bloodmagic:waterscribetool",
      5
    ],
    [
      "bloodmagic:earthscribetool",
      5
    ],
    [
      "bloodmagic:duskscribetool",
      6
    ]
  ],
  "pages": [
    {
      "type": "text",
      "text": "Crafting rituals is an intricate business; Even if you have the correct $(item)Inscription Tools$(), you can't just slap runic inscriptions down any old how and expect things to happen. Luckily, the $(item)Ritual Diviner$() is here to help."
    },
    {
      "type": "合成",
      "recipe": "bloodmagic:ritual_diviner_0"
    },
    {
      "type": "text",
      "text": "The base Ritual Diviner requires one of each $(item)Elemental Inscription Tool$() for its construction, and thus a tier 3 $(l:bloodmagic:altar/blood_altar)Blood Altar$(/l). The four base Elemental Inscription Tools can be crafted in your Altar for 1,000 LP each, as defined on the following pages. You can also use these tools to inscribe runes by hand, but this should only seriously be used for decorative purposes, as it is both slow and inaccurate."
    },
    {
      "type": "合成",
      "recipe": "bloodmagic:ritual_diviner_1",
      "anchor": "dusk",
      "text": "There is also an augmented version of the Ritual Diviner, for creating more powerful rituals."
    },
    {
      "type": "2x_crafting_altar",
      "a.heading": "元素銘文：風",
      "a.recipe": "bloodmagic:altar/air_tool",
      "b.heading": "元素銘文：火",
      "b.recipe": "bloodmagic:altar/fire_tool"
    },
    {
      "type": "2x_crafting_altar",
      "a.heading": "元素銘文：水",
      "a.recipe": "bloodmagic:altar/water_tool",
      "b.heading": "元素銘文：地",
      "b.recipe": "bloodmagic:altar/earth_tool"
    },
    {
      "type": "crafting_altar",
      "heading": "元素銘文：暗",
      "recipe": "bloodmagic:altar/dusk_tool"
    }
  ]
}