{
  "name": "The Blood Altar",
  "icon": "bloodmagic:altar",
  "category": "bloodmagic:altar",
  "priority": "是",
  "extra_recipe_mappings": [
    [
      "bloodmagic:daggerofsacrifice",
      13
    ]
  ],
  "pages": [
    {
      "type": "text",
      "text": "The $(item)Blood Altar$() is the central block of the mod, able to convert raw blood into pure life essence. While it may start off small and insignificant, its strength and size grows throughout the mod, acting as a cornerstone for most of your power."
    },
    {
      "type": "合成",
      "recipe": "bloodmagic:blood_altar"
    },
    {
      "type": "text",
      "text": "When placed into the world, the Blood Altar converts $(1)Life Essence$() into power to transfigure items placed into it. By right-clicking on the Altar, you may insert one item from your hand into the Altar's internal inventory. Right-clicking with an empty hand will extract the item."
    },
    {
      "type": "multiblock",
      "name": "Tier 1 Blood Altar",
      "multiblock": {
        "pattern": [
          [
            "0"
          ],
          [
            "_"
          ]
        ],
        "mapping": {
          "0": "bloodmagic:altar"
        },
        "symmetrical": true
      },
      "text": "The Tier 1 Blood Altar, which has no runes."
    },
    {
      "type": "text",
      "text": "In order for you to add $(1)Life Essence$(), measured as \"LP\", you first have to craft a $(item)Sacrificial Knife$(). By right-clicking in the air with the knife, you can \"extract\" 200LP for the cost of one heart, placing it into a nearby Altar. The Altar starts with a maximum capacity of 10,000LP, and the blood level in the basin indicates the percentage filled. The $(l:bloodmagic:alchemy_array/sigil/divination)Divination Sigil$(/l) allows more detailed information about the Altar."
    },
    {
      "type": "合成",
      "recipe": "bloodmagic:sacrificial_dagger",
      "anchor": "knife",
      "text": "Keep in mind that 10% of the total LP the altar can hold will be absorbed into an invisible internal 'tank' used for extracting and inserting Life Essence into the Altar."
    },
    {
      "type": "text",
      "text": "The Blood Altar will attempt to start to craft as soon as an item is placed inside by a player (or after a periodic 5 seconds). The LP inside of the Altar will slowly drain, indicated by red particles, transforming the item. If there is no LP in the Altar, gray smoke will appear to indicate that the Altar is losing progress instead. Once enough LP is consumed (cost multiplied by number in the item stack), the full stack will be transformed into a new item."
    },
    {
      "type": "text",
      "text": "The first item that you will want to craft is a $(l:bloodmagic:altar/soul_network)Weak Blood Orb$(/l), which by default is a diamond plus 2000LP inside of a Tier 1 Blood Altar. All items that can be crafted by the Blood Altar can be found using Just Enough Items (JEI)."
    },
    {
      "type": "text",
      "anchor": "blank_rune",
      "text": "To upgrade the Blood Altar, you need to craft $(item)Blood Runes$() and place them around the Altar. Blood Runes act as upgrades to the Altar, and by using more advanced versions of the Blood Runes you can confer different effects on the Altar. The basic version, the $(item)Blank Rune$(), does not give any upgrades barring upgrading the Tier of the Altar."
    },
    {
      "type": "合成",
      "recipe": "bloodmagic:blood_rune_blank"
    },
    {
      "type": "text",
      "text": "In order to upgrade the Blood Altar to Tier 2, you must place 8 $(item)Blood Runes$() around the Altar. The runes in the cardinals can be upgraded, but the corner runes cannot act as upgrade runes until Tier 3."
    },
    {
      "type": "multiblock",
      "name": "Tier 2 Blood Altar",
      "multiblock": {
        "pattern": [
          [
            "___",
            "_0_",
            "___"
          ],
          [
            "___",
            "_A_",
            "___"
          ],
          [
            "BRB",
            "R_R",
            "BRB"
          ]
        ],
        "mapping": {
          "A": "bloodmagic:altar",
          "B": "bloodmagic:blankrune",
          "R": "#bloodmagic:altar_components/bloodrune"
        },
        "symmetrical": true
      },
      "text": "The Tier 2 Blood Altar, which has 8 total runes."
    },
    {
      "type": "text",
      "anchor": "dagger_of_sacrifice",
      "text": "Now that you have a Tier 2 Altar, you can look into getting blood from somewhere other than yourself. The $(item)Dagger of Sacrifice$() will allow you to kill any mob (monster or passive) that stands within 2 blocks of your Altar, instantly killing them and granting you a decent sum of LP. You can increase the amount you get per kill with $(l:bloodmagic:altar/blood_rune/sacrifice_rune)Runes of Sacrifice$(). Different entities give different amounts of LP. Check your configs for more info."
    },
    {
      "type": "crafting_altar",
      "heading": "獻祭刀",
      "recipe": "bloodmagic:altar/daggerofsacrifice",
      "text": "Slaughtering villagers for fun and profit!"
    },
    {
      "type": "text",
      "text": "To upgrade the Blood Altar to Tier 3, place 5 $(item)Blood Runes$() one block down and two blocks away from the previous set of runes along each edge. Then place two blocks (indicated by the $(item)Stone Bricks$()) in each corner, starting above the new ring of runes, and then cap each pillar with $(item)Glowstone Blocks$().$(br)To check that it is successfully upgraded, use a $(l:bloodmagic:alchemy_array/sigil/divination)Divination Sigil$(/l) to check the tier. Note that any non-air block can be used for the pillars below the Glowstone."
    },
    {
      "type": "multiblock",
      "name": "Tier 3 Blood Altar",
      "multiblock": {
        "pattern": [
          [
            "G_____G",
            "_______",
            "_______",
            "___0___",
            "_______",
            "_______",
            "G_____G"
          ],
          [
            "P_____P",
            "_______",
            "_______",
            "___A___",
            "_______",
            "_______",
            "P_____P"
          ],
          [
            "P_____P",
            "_______",
            "__RRR__",
            "__R_R__",
            "__RRR__",
            "_______",
            "P_____P"
          ],
          [
            "_RRRRR_",
            "R_____R",
            "R_____R",
            "R_____R",
            "R_____R",
            "R_____R",
            "_RRRRR_"
          ]
        ],
        "mapping": {
          "A": "bloodmagic:altar",
          "R": "#bloodmagic:altar_components/bloodrune",
          "G": "#bloodmagic:altar_components/glowstone",
          "P": "minecraft:stone_bricks"
        },
        "symmetrical": true
      },
      "text": "The Tier 3 Blood Altar, which has 28 total runes."
    },
    {
      "type": "text",
      "text": "To upgrade the Blood Altar to Tier 4, place 7 $(item) Blood Runes$() one block down and two blocks away from the previous set of runes along each edge. Then place four solid blocks in each corner, starting above the new ring of runes, and then cap each pillar with $(l:bloodmagic:utility/bloodstone_bricks)Bloodstone Bricks$(/l) and/or $(l:bloodmagic:utility/bloodstone_bricks)Large Bloodstone Bricks$(/l)."
    },
    {
      "type": "multiblock",
      "name": "Tier 4 Blood Altar",
      "multiblock": {
        "pattern": [
          [
            "B_________B",
            "___________",
            "___________",
            "___________",
            "___________",
            "___________",
            "___________",
            "___________",
            "___________",
            "___________",
            "B_________B"
          ],
          [
            "P_________P",
            "___________",
            "__G_____G__",
            "___________",
            "___________",
            "_____0_____",
            "___________",
            "___________",
            "__G_____G__",
            "___________",
            "P_________P"
          ],
          [
            "P_________P",
            "___________",
            "__P_____P__",
            "___________",
            "___________",
            "_____A_____",
            "___________",
            "___________",
            "__P_____P__",
            "___________",
            "P_________P"
          ],
          [
            "P_________P",
            "___________",
            "__P_____P__",
            "___________",
            "____RRR____",
            "____R_R____",
            "____RRR____",
            "___________",
            "__P_____P__",
            "___________",
            "P_________P"
          ],
          [
            "P_________P",
            "___________",
            "___RRRRR___",
            "__R_____R__",
            "__R_____R__",
            "__R_____R__",
            "__R_____R__",
            "__R_____R__",
            "___RRRRR___",
            "___________",
            "P_________P"
          ],
          [
            "__RRRRRRR__",
            "___________",
            "R_________R",
            "R_________R",
            "R_________R",
            "R_________R",
            "R_________R",
            "R_________R",
            "R_________R",
            "___________",
            "__RRRRRRR__"
          ]
        ],
        "mapping": {
          "A": "bloodmagic:altar",
          "R": "#bloodmagic:altar_components/bloodrune",
          "B": "#bloodmagic:altar_components/bloodstone",
          "G": "#bloodmagic:altar_components/glowstone",
          "P": "minecraft:stone_bricks"
        },
        "symmetrical": true
      },
      "text": "The Tier 4 Blood Altar, which has 56 total runes."
    },
    {
      "type": "text",
      "text": "[WIP Notes]$(br)[Tier-5 has No Content yet!]"
    },
    {
      "type": "multiblock",
      "name": "Tier 5 Blood Altar",
      "multiblock": {
        "pattern": [
          [
            "_________________",
            "_________________",
            "_________________",
            "___B_________B___",
            "_________________",
            "_________________",
            "_________________",
            "_________________",
            "_________________",
            "_________________",
            "_________________",
            "_________________",
            "_________________",
            "___B_________B___",
            "_________________",
            "_________________",
            "_________________"
          ],
          [
            "_________________",
            "_________________",
            "_________________",
            "___P_________P___",
            "_________________",
            "_____G_____G_____",
            "_________________",
            "_________________",
            "________0________",
            "_________________",
            "_________________",
            "_____G_____G_____",
            "_________________",
            "___P_________P___",
            "_________________",
            "_________________",
            "_________________"
          ],
          [
            "_________________",
            "_________________",
            "_________________",
            "___P_________P___",
            "_________________",
            "_____P_____P_____",
            "_________________",
            "_________________",
            "________A________",
            "_________________",
            "_________________",
            "_____P_____P_____",
            "_________________",
            "___P_________P___",
            "_________________",
            "_________________",
            "_________________"
          ],
          [
            "_________________",
            "_________________",
            "_________________",
            "___P_________P___",
            "_________________",
            "_____P_____P_____",
            "_________________",
            "_______RRR_______",
            "_______R_R_______",
            "_______RRR_______",
            "_________________",
            "_____P_____P_____",
            "_________________",
            "___P_________P___",
            "_________________",
            "_________________",
            "_________________"
          ],
          [
            "_________________",
            "_________________",
            "_________________",
            "___P_________P___",
            "_________________",
            "______RRRRR______",
            "_____R_____R_____",
            "_____R_____R_____",
            "_____R_____R_____",
            "_____R_____R_____",
            "_____R_____R_____",
            "______RRRRR______",
            "_________________",
            "___P_________P___",
            "_________________",
            "_________________",
            "_________________"
          ],
          [
            "N_______________N",
            "_________________",
            "_________________",
            "_____RRRRRRR_____",
            "_________________",
            "___R_________R___",
            "___R_________R___",
            "___R_________R___",
            "___R_________R___",
            "___R_________R___",
            "___R_________R___",
            "___R_________R___",
            "_________________",
            "_____RRRRRRR_____",
            "_________________",
            "_________________",
            "N_______________N"
          ],
          [
            "__RRRRRRRRRRRRR__",
            "_________________",
            "R_______________R",
            "R_______________R",
            "R_______________R",
            "R_______________R",
            "R_______________R",
            "R_______________R",
            "R_______________R",
            "R_______________R",
            "R_______________R",
            "R_______________R",
            "R_______________R",
            "R_______________R",
            "R_______________R",
            "_________________",
            "__RRRRRRRRRRRRR__"
          ]
        ],
        "mapping": {
          "A": "bloodmagic:altar",
          "R": "#bloodmagic:altar_components/bloodrune",
          "B": "#bloodmagic:altar_components/bloodstone",
          "G": "#bloodmagic:altar_components/glowstone",
          "N": "#bloodmagic:altar_components/beacon",
          "P": "minecraft:stone_bricks"
        },
        "symmetrical": true
      },
      "text": "The Tier 5 Blood Altar, which has 108 total runes."
    }
  ]
}
