{
  "name": "苦難之井",
  "icon": "bloodmagic:life_essence_bucket",
  "category": "bloodmagic:rituals/ritual_list",
  "pages": [
    {
      "type": "multiblock",
      "name": "Well Of Suffering",
      "multiblock": {
        "pattern": [
          [
            "____A____",
            "_________",
            "_________",
            "_________",
            "A_______A",
            "_________",
            "_________",
            "_________",
            "____A____"
          ],
          [
            "___W_W___",
            "_________",
            "_________",
            "W__F_F__W",
            "____0____",
            "W__F_F__W",
            "_________",
            "_________",
            "___W_W___"
          ],
          [
            "__W___W__",
            "_D_____D_",
            "W_F_E_F_W",
            "_________",
            "__E___E__",
            "_________",
            "W_F_E_F_W",
            "_D_____D_",
            "__W___W__"
          ]
        ],
        "mapping": {
          "0": "bloodmagic:masterritualstone",
          "W": "bloodmagic:waterritualstone",
          "A": "bloodmagic:airritualstone",
          "F": "bloodmagic:fireritualstone",
          "E": "bloodmagic:earthritualstone",
          "D": "bloodmagic:duskritualstone"
        },
        "symetrical": true
      },
      "text": "Use a $(l:bloodmagic:rituals/ritual_diviner)Ritual Diviner [Dusk]$(/l) for easier construction."
    },
    {
      "type": "text",
      "text": "This ritual attacks mobs within its damage zone and puts the harvested $(blood)Blood$() into a nearby $(l:bloodmagic:altar/blood_altar)Blood Altar$(). Put a $(l:bloodmagic:altar/soul_network)Blood Orb$() in the Altar, maybe add a few $(l:bloodmagic:altar/blood_rune/sacrifice_rune)Runes of Sacrifice$() for good measure and you'll never have to worry about your LP supplies again... As long as you can supply enough mobs.$(br)$(water)Water Runes: 16$(br)$(air)Air Runes: 4$(br)$(fire)Fire Runes: 8$(br)$(earth)Earth Runes: 4$(br)$()Dusk Runes: 4$(br2)$()Total Runes: 36"
    },
    {
      "type": "spotlight",
      "item": "bloodmagic:ritualtinkerer",
      "title": "範圍",
      "text": "(Altar) The area that the ritual searches for a $(l:bloodmagic:altar/blood_altar)Blood Altar$() to deposit its Blood into. $(br2)$(li)Maximum Volume: Full Range. $(li)Horizontal Radius: 10 $(li)Vertical Radius: 15 "
    },
    {
      "type": "spotlight",
      "item": "bloodmagic:ritualtinkerer",
      "title": "範圍",
      "text": "(Damage) All mobs within this area will take damage every second or so until they die. This does not include players, fortunately. $(br2)Mobs will drop $(item)Items$(), so be sure to set up something to clean up the mess. $(br2)$(li)Maximum Volume: Full Range. $(li)Horizontal Radius: 15 $(li)Vertical Radius: 15 "
    }
  ]
}
