{
    "parent": "block/block",
    "textures": {
		"particle": "block/basalt_top",
        "side": "block/basalt_side",
        "end": "block/basalt_top"
    },
    "elements": [
        {   "from": [ 0, 0, 0 ],
            "to": [ 16, 16, 16 ],
            "faces": {
                "down":  { "uv": [ 16, 0, 0, 16 ], "texture": "#end", "cullface": "down"},
                "up":    { "uv": [ 16, 16, 0, 0 ], "texture": "#end", "cullface": "up"},
                "north": { "uv": [ 0, 16, 16, 0 ], "texture": "#side", "cullface": "north"},
                "south": { "uv": [ 16, 16, 0, 0 ], "texture": "#side", "cullface": "south"},
                "west":  { "uv": [ 16, 16, 0, 0 ], "texture": "#side", "cullface": "west"},
                "east":  { "uv": [ 0, 16, 16, 0 ], "texture": "#side", "cullface": "east"}
            }
        }
    ]
}
