{
    "textures": {
        "particle": "#texture"
    },
    "elements": [
        {   "from": [ 5, 0, 6 ],
            "to": [ 11, 1, 10 ],
            "faces": {
                "down":  { "uv": [ 5,  6, 11, 10 ], "texture": "#texture", "cullface": "down" },
                "up":    { "uv": [ 5, 10, 11,  6 ], "texture": "#texture" },
                "north": { "uv": [ 5, 14, 11, 15 ], "texture": "#texture" },
                "south": { "uv": [ 5, 14, 11, 15 ], "texture": "#texture" },
                "west":  { "uv": [ 14, 6, 15, 10 ], "texture": "#texture", "rotation": 90 },
                "east":  { "uv": [ 14, 6, 15, 10 ], "texture": "#texture", "rotation": 90 }
            }
        }
    ]
}
