{
    "parent": "block/block",
    "textures": {
        "pivot": "block/grindstone_pivot",
        "round": "block/grindstone_round",
        "side": "block/grindstone_side",
        "particle": "block/grindstone_side"
    },
    "elements": [
        {
            "from": [12, 0, 6],
            "to": [14, 7, 10],
            "faces": {
                "north": {"uv": [6, 6, 4, 13], "texture": "#pivot"},
                "east": {"uv": [0, 6, 4, 13], "texture": "#pivot"},
                "south": {"uv": [4, 6, 6, 13], "texture": "#pivot"},
                "west": {"uv": [0, 6, 4, 13], "texture": "#pivot"},
                "down": {"uv": [6, 9, 8, 13], "texture": "#pivot", "cullface": "down" }
            }
        },
        {
            "from": [2, 0, 6],
            "to": [4, 7, 10],
            "faces": {
                "north": {"uv": [4, 6, 6, 13], "texture": "#pivot"},
                "east": {"uv": [0, 6, 4, 13], "texture": "#pivot"},
                "south": {"uv": [6, 6, 4, 13], "texture": "#pivot"},
                "west": {"uv": [0, 6, 4, 13], "texture": "#pivot"},
                "down": {"uv": [8, 9, 6, 13], "texture": "#pivot", "cullface": "down" }
            }
        },
        {
            "from": [12, 7, 5],
            "to": [14, 13, 11],
            "faces": {
                "north": {"uv": [6, 0, 8, 6], "texture": "#pivot"},
                "east": {"uv": [0, 0, 6, 6], "texture": "#pivot"},
                "south": {"uv": [6, 0, 8, 6], "texture": "#pivot"},
                "up": {"uv": [8, 0, 10, 6], "texture": "#pivot"},
                "down": {"uv": [8, 0, 10, 6], "texture": "#pivot"}
            }
        },
        {
            "from": [2, 7, 5],
            "to": [4, 13, 11],
            "faces": {
                "north": {"uv": [8, 0, 6, 6], "texture": "#pivot"},
                "south": {"uv": [8, 0, 6, 6], "texture": "#pivot"},
                "west": {"uv": [0, 0, 6, 6], "texture": "#pivot"},
                "up": {"uv": [10, 0, 8, 6], "texture": "#pivot"},
                "down": {"uv": [10, 0, 8, 6], "texture": "#pivot"}
            }
        },
        {
            "from": [4, 4, 2],
            "to": [12, 16, 14],
            "faces": {
                "north": {"uv": [0, 0, 8, 12], "texture": "#round"},
                "east": {"uv": [0, 0, 12, 12], "texture": "#side"},
                "south": {"uv": [0, 0, 8, 12], "texture": "#round"},
                "west": {"uv": [0, 0, 12, 12], "texture": "#side"},
                "up": {"uv": [0, 0, 8, 12], "texture": "#round", "cullface": "up" },
                "down": {"uv": [0, 0, 8, 12], "texture": "#round"}
            }
        }
    ]
}