{
    "__createdwith": "opl's Model Creator",
    "ambientocclusion": false,
    "textures": {
        "particle": "block/iron_bars",
        "bars": "block/iron_bars"
    },
    "elements": [
        {
            "from": [7,0,12],
            "to": [9,16,14],
            "faces": {
                "up": {
                    "texture": "#bars"
                },
                "down": {
                    "texture": "#bars"
                },
                "west": {
                    "texture": "#bars"
                },
                "east": {
                    "texture": "#bars"
                },
                "north": {
                    "texture": "#bars"
                },
                "south": {
                    "texture": "#bars"
                }
            }
        },
        {
            "from": [7,2,9],
            "to": [9,4,12],
            "faces": {
                "up": {
                    "uv": [4,2,7,4],
                    "texture": "#bars",
                    "rotation": 90
                },
                "down": {
                    "uv": [4,2,7,4],
                    "texture": "#bars",
                    "rotation": 90
                },
                "west": {
                    "texture": "#bars"
                },
                "east": {
                    "uv": [12,12,9,14],
                    "texture": "#bars"
                }
            }
        },
        {
            "from": [7,7,14],
            "to": [9,9,16],
            "faces": {
                "up": {
                    "uv": [0,7,2,9],
                    "texture": "#bars",
                    "rotation": 90
                },
                "down": {
                    "uv": [0,7,2,9],
                    "texture": "#bars",
                    "rotation": 90
                },
                "west": {
                    "texture": "#bars"
                },
                "east": {
                    "texture": "#bars"
                },
                "south": {
                    "uv": [14,7,16,9],
                    "texture": "#bars"
                }
            }
        }
    ]
}