{
    "__createdwith": "opl's Model Creator",
    "ambientocclusion": false,
    "textures": {
        "particle": "block/rail",
        "rail": "block/rail"
    },
    "elements": [
        {
            "from": [2,8.3,0],
            "to": [5,9,16],
			"rotation": {
                "origin": [ 8, 9, 8 ],
                "axis": "x",
                "angle": -45,
                "rescale": true
            },
            "faces": {
                "west": {
                    "uv": [2.0,0.0,3.0,16.0],
                    "texture": "#rail",
                    "rotation": 90
                },
                "east": {
                    "uv": [4.0,0.0,5.0,16.0],
                    "texture": "#rail",
                    "rotation": 90
                },
                "north": {
                    "uv": [2.0,0.0,5.0,1.0],
                    "texture": "#rail"
                },
                "south": {
                    "texture": "#rail"
                }
            }
        },
        {
            "from": [11,8.3,0],
            "to": [14,9,16],
			"rotation": {
                "origin": [ 8, 9, 8 ],
                "axis": "x",
                "angle": -45,
                "rescale": true
            },
            "faces": {
                "west": {
                    "uv": [11.0,0.0,12.0,16.0],
                    "texture": "#rail",
                    "rotation": 90
                },
                "east": {
                    "uv": [13.0,0.0,14.0,16.0],
                    "texture": "#rail",
                    "rotation": 90
                },
                "north": {
                    "uv": [11.0,0.0,14.0,1.0],
                    "texture": "#rail"
                },
                "south": {
                    "texture": "#rail"
                }
            }
        },
        {
            "from": [1,8.3,0],
            "to": [15,9,3],
			"rotation": {
                "origin": [ 8, 9, 8 ],
                "axis": "x",
                "angle": -45,
                "rescale": true
            },
            "faces": {
                "west": {
                    "uv": [1.0,0.0,2.0,3.0],
                    "texture": "#rail",
                    "rotation": 90
                },
                "east": {
                    "uv": [14.0,0.0,15.0,3.0],
                    "texture": "#rail",
                    "rotation": 270
                },
                "north": {
                    "uv": [1.0,0.0,15.0,1.0],
                    "texture": "#rail"
                },
                "south": {
                    "uv": [1.0,2.0,15.0,3.0],
                    "texture": "#rail"
                }
            }
        },
        {
            "from": [1,8.3,4],
            "to": [15,9,7],
			"rotation": {
                "origin": [ 8, 9, 8 ],
                "axis": "x",
                "angle": -45,
                "rescale": true
            },
            "faces": {
                "west": {
                    "uv": [1.0,4.0,2.0,7.0],
                    "texture": "#rail",
                    "rotation": 90
                },
                "east": {
                    "uv": [14.0,4.0,15.0,7.0],
                    "texture": "#rail",
                    "rotation": 270
                },
                "north": {
                    "uv": [1.0,4.0,15.0,5.0],
                    "texture": "#rail"
                },
                "south": {
                    "uv": [1.0,6.0,15.0,7.0],
                    "texture": "#rail"
                }
            }
        },
        {
            "from": [1,8.3,8],
            "to": [15,9,11],
			"rotation": {
                "origin": [ 8, 9, 8 ],
                "axis": "x",
                "angle": -45,
                "rescale": true
            },
            "faces": {
                "west": {
                    "uv": [1.0,8.0,2.0,11.0],
                    "texture": "#rail",
                    "rotation": 90
                },
                "east": {
                    "uv": [14.0,8.0,15.0,11.0],
                    "texture": "#rail",
                    "rotation": 270
                },
                "north": {
                    "uv": [1.0,8.0,15.0,9.0],
                    "texture": "#rail"
                },
                "south": {
                    "uv": [1.0,10.0,15.0,11.0],
                    "texture": "#rail"
                }
            }
        },
        {
            "from": [1,8.3,12],
            "to": [15,9,15],
			"rotation": {
                "origin": [ 8, 9, 8 ],
                "axis": "x",
                "angle": -45,
                "rescale": true
            },
            "faces": {
                "west": {
                    "uv": [1.0,12.0,2.0,15.0],
                    "texture": "#rail",
                    "rotation": 90
                },
                "east": {
                    "uv": [14.0,12.0,15.0,15.0],
                    "texture": "#rail",
                    "rotation": 270
                },
                "north": {
                    "uv": [1.0,12.0,15.0,13.0],
                    "texture": "#rail"
                },
                "south": {
                    "uv": [1.0,14.0,15.0,15.0],
                    "texture": "#rail"
                }
            }
        },
        {
            "from": [7,8.3,0],
            "to": [9,9,16],
			"rotation": {
                "origin": [ 8, 9, 8 ],
                "axis": "x",
                "angle": -45,
                "rescale": true
            },
            "faces": {
                "west": {
                    "uv": [8.0,0.0,9.0,16.0],
                    "texture": "#rail",
                    "rotation": 270
                },
                "east": {
                    "uv": [7.0,0.0,8.0,16.0],
                    "texture": "#rail",
                    "rotation": 90
                },
                "north": {
                    "uv": [7.0,0.0,9.0,1.0],
                    "texture": "#rail"
                },
                "south": {
                    "texture": "#rail"
                }
            }
        },
        {
            "from": [6,8.3,4],
            "to": [10,9,12],
			"rotation": {
                "origin": [ 8, 9, 8 ],
                "axis": "x",
                "angle": -45,
                "rescale": true
            },
            "faces": {
                "west": {
                    "uv": [6.0,4.0,7.0,12.0],
                    "texture": "#rail",
                    "rotation": 270
                },
                "east": {
                    "uv": [9.0,4.0,10.0,12.0],
                    "texture": "#rail",
                    "rotation": 90
                },
                "north": {
                    "uv": [6.0,11.0,10.0,12.0],
                    "texture": "#rail"
                },
                "south": {
                    "uv": [6.0,4.0,10.0,5.0],
                    "texture": "#rail"
                }
            }
        },
        {
            "from": [0,8.3,0],
            "to": [16,9,16],
			"rotation": {
                "origin": [ 8, 9, 8 ],
                "axis": "x",
                "angle": -45,
                "rescale": true
            },
            "faces": {
                "up": {
                    "texture": "#rail"
                },
                "down": {
                    "uv": [0,16,16,0],
                    "texture": "#rail"
                }
            }
        }
    ]
}