{
    "textures": {
        "particle": "#wall"
    },
    "elements": [
        {   "from": [ 4, -0.05, 4 ],
            "to": [ 12, 15.95, 12 ],
            "faces": {
                "down":  { "uv": [ 0, 0, 8, 8 ], "texture": "#top", "cullface": "down" },
                "up":    { "uv": [ 0, 0, 8, 8 ], "texture": "#top", "cullface": "up" },
                "north": { "uv": [ 4, 0, 12, 16 ],"texture": "#wall" },
                "south": { "uv": [ 4, 0, 12, 16 ],"texture": "#wall" },
                "west":  { "uv": [ 4, 0, 12, 16 ],"texture": "#wall" },
                "east":  { "uv": [ 4, 0, 12, 16 ],"texture": "#wall" }
            }
        }
    ]
}
