{
  "name": "聖水",
  "icon": "bloodmagic:holy_water_anointment",
  "category": "bloodmagic:alchemy_table/anointments",
  "extra_recipe_mappings": [
    [
      "bloodmagic:holy_water_anointment",
      0
    ]
  ],
  "pages": [
    {
      "type": "crafting_alchemy_table",
      "heading": "聖水",
      "recipe": "bloodmagic:alchemytable/holy_water_anointment",
      "text": "Temporarily increases the melee damage dealt to undead mobs by +5. $(br2)Valid items: Tools, Swords.$(br2)Applies: Holy Light I (256 hits)"
    }
  ]
}