{
  "name": "Slow-burning Oil",
  "icon": "bloodmagic:smelting_anointment",
  "category": "bloodmagic:alchemy_table/anointments",
  "extra_recipe_mappings": [
    [
      "bloodmagic:smelting_anointment",
      0
    ]
  ],
  "pages": [
    {
      "type": "crafting_alchemy_table",
      "heading": "Slow-burning Oil",
      "recipe": "bloodmagic:alchemytable/smelting_anointment",
      "text": "Uses heat to smelt harvested blocks. $(br2)Valid items: Tools, Swords, Charges. $(br2)Applies: Heated Tool I (256 blocks)"
    }
  ]
}