{
  "name": "Your First Will",
  "icon": "bloodmagic:soulsnare",
  "category": "bloodmagic:demon_will",
  "priority": "是",
  "pages": [
    {
      "type": "crafting_altar",
      "heading": "靈魂投網",
      "recipe": "bloodmagic:altar/soul_snare",
      "text": "$(item)Soul Snares$() are your gateway into the $(l:bloodmagic:demon_will/demon_will)Demon Will$() portion of $(6)Blood Magic$()."
    },
    {
      "type": "text",
      "text": "Using the Snare is simple enough - craft a good quantity of them, find a hostile mob, and throw Snares at them until white particles appear. Kill them quickly and you should get a $(l:bloodmagic:demon_will/demon_will)Demon Will$(). Before you ask, yes, the Looting enchantment will improve your odds. Once you've gathered a couple, you can get to work on crafting yourself a $(l:bloodmagic:demon_will/sentient_sword)Sentient Sword$() and a $(l:bloodmagic:demon_will/soul_gem)Tartaric Gem$() - these will make collecting $(l:bloodmagic:demon_will/demon_will)Demon Will$() much easier."
    },
    {
      "type": "image",
      "images": [
        "bloodmagic:images/entries/demon_will/snare_particles.png"
      ],
      "title": "Snare on Skeleton",
      "border": true,
      "text": "A skeleton with white particles after hit by a snare."
    }
  ]
}



