{
  "name": "Tartaric Gems",
  "icon": "bloodmagic:soulgemgreater",
  "category": "bloodmagic:demon_will",
  "extra_recipe_mappings": [
    [
      "bloodmagic:soulgempetty",
      1
    ],
    [
      "bloodmagic:soulgemlesser",
      3
    ],
    [
      "bloodmagic:soulgemcommon",
      5
    ],
    [
      "bloodmagic:soulgemgreater",
      7
    ]
  ],
  "pages": [
    {
      "type": "text",
      "text": "$(l:bloodmagic:demon_will/demon_will)Demon Will$() is a very useful resource, but the fragments you have been getting so far are decidedly lacking in power. What you need is a storage item; A $(item)Tartaric Gem$() seems just the thing. What's more, it can absorb any leftover $(l:bloodmagic:demon_will/demon_will)Demon Will$() you might have lying around. Just drop them onto the floor and your shiny new gem will absorb them."
    },
    {
      "type": "crafting_soulforge",
      "heading": "[微小]地獄魂石",
      "recipe": "bloodmagic:soulforge/pettytartaricgem",
      "text": "Your first gem will hold a maximum of 64 $(l:bloodmagic:demon_will/demon_will)Will$(). Much more compact than before!"
    },
    {
      "type": "text",
      "text": "Your $(item)Petty Tartaric Gem$() is a useful tool, but it's clearly lacking in power. By carefully working it with $(item)Diamond$(), $(item)Lapis$(), and $(item)Redstone$(), you have found a way to quadruple its storage capabilities."
    },
    {
      "type": "crafting_soulforge",
      "heading": "[細塊]地獄魂石",
      "recipe": "bloodmagic:soulforge/lessertartaricgem",
      "text": "This reinforced gem can hold up to 256 $(l:bloodmagic:demon_will/demon_will)Will$(). $(br2)Note: You only need one gem when upgrading - the $(item)Hellfire Forge$() will draw $(raw)Will$() from the gem it's crafting before trying to use will from the gem in its Gem Slot. Don't worry, the newly crafted gem will hold any leftover $(raw)Will$() from the process."
    },
    {
      "type": "text",
      "text": "Your $(item)Lesser Tartaric Gem$() is a noted improvement, but once more you chafe under its limitations. To progress further will involve focusing on your $(l:bloodmagic:altar/blood_altar)Blood Altar$(), as you require the powers of an $(l:bloodmagic:altar/slates)Imbued Slate$(). Combining this slate with your gem and further refining it with another $(item)Diamond$() and a $(item)Block of Gold$(), you have found a way to once again quadruple its storage capabilities."
    },
    {
      "type": "crafting_soulforge",
      "heading": "[普通]地獄魂石",
      "recipe": "bloodmagic:soulforge/commontartaricgem",
      "text": "This intricate gem can hold an impressive 1,024 $(l:bloodmagic:demon_will/demon_will)Will$()."
    },
    {
      "type": "text",
      "text": "You have clearly outdone yourself with the creation of the $(item)Common Tartaric Gem$(), but you feel there is still more you can do. However, getting more out of your gem will involve the culmination of all your work so far. Not only do you need a $(l:bloodmagic:altar/slates)Demonic Slate$(), you also require a $(l:bloodmagic:utility/alchemical_reaction_chamber#blood_shard)Weak Blood Shard$() $(o)and$() a $(l:bloodmagic:demon_will/crystallized_will)Demon Will Crystal$(). Of course, it will come with rewards to match, powering your $(l:bloodmagic:demon_will/sentient_tools)Sentient Tools$() like nothing you have seen before..."
    },
    {
      "type": "crafting_soulforge",
      "heading": "[較大]地獄魂石",
      "recipe": "bloodmagic:soulforge/greatertartaricgem",
      "text": "This masterpiece of artifice can hold an astounding 4,096 $(l:bloodmagic:demon_will/demon_will)Will$()."
    }
  ]
}