{
  "name": "Alchemy Array Basics",
  "icon": "bloodmagic:arcaneashes",
  "category": "bloodmagic:alchemy_array/functional_array",
  "extra_recipe_mappings": [
    [
      "bloodmagic:arcaneashes",
      1
    ]
  ],
  "pages": [
    {
      "type": "text",
      "text": "$(item)Arcane Ashes$() is an item that is pivotal in the creation of Alchemy Arrays. $(item)Arcane Ashes$() can be crafted in the $(l:bloodmagic:alchemy_table/alchemy_table)Alchemy Table($()) using some early game items."
    },
    {
      "type": "crafting_alchemy_table",
      "heading": "奧術粉灰",
      "recipe": "bloodmagic:alchemytable/arcane_ash"
    },
    {
      "type": "text",
      "text": "In order to create an Alchemy Array, right click the top of the ground with the $(item)Arcane Ashes$() (although any solid block face works) - this will consume 1 durability out of 20 from the $(item)Arcane Ashes$() and draw a simple Alchemy Array, that by itself has no effects.$(bl2)When you click on the Alchemy Array, it will consume a single item from the stack in your hand and hold it in the array. These items are then used to determine the Alchemy Array's effect."
    },
    {
      "type": "image",
      "images": [
        "bloodmagic:images/entries/alchemy_array/simple_array.png",
        "bloodmagic:images/entries/alchemy_array/divination_array_1.png",
        "bloodmagic:images/entries/alchemy_array/divination_array_2.png"
      ],
      "title": "煉金矩陣",
      "border": true,
      "text": "Alchemy Array showing array with: no inputs; only the base item; both base and catalyst."
    },
    {
      "type": "text",
      "text": "Each effect requires two items: a base and a catalyst. The base is the first item that you click the array with after it is drawn, and the catalyst is the second item. When you apply the input, the design of the array will change if it is valid, and the array will start activating once you apply the catalyst.$(br2)Although only a few arrays are currently implemented, eventually you will have arrays that range from simple $(l:bloodmagic:alchemy_array/crafting_array)crafting arrays$(/l) to even teleportation arrays."
    }
  ]
}
