{
  "name": "Day/Night Arrays",
  "icon": "minecraft:clock",
  "category": "bloodmagic:alchemy_array/functional_array",
  "pages": [
    {
      "type": "text",
      "text": "Time-based arrays are straight-forward arrays that control the time of day. The items will be consumed once the array starts changing the time. These recipes are temporary and will change in the future.$(br2)The Day array will change the time of day to the next sunrise. The Night array will change the time of day to the next sunset."
    },
    {
      "type": "2x_functional_array",
      "a.heading": "New Dawn",
      "a.recipe": "bloodmagic:array/day",
      "a.image": "sunarray.png",
      "b.heading": "True Twilight",
      "b.recipe": "bloodmagic:array/night",
      "b.image": "moonarray.png"
    }
  ]
}