{
  "parent": "minecraft:block/amethyst_cluster",
	"gui_light": "front",
	"display": {
        "head": {
            "rotation": [ -60, 0, 0 ],
            "translation": [ 0, 5, -9],
            "scale":[ 1, 1, 1]
        },
        "thirdperson_righthand": {
            "rotation": [ 0, 0, 0 ],
            "translation": [ 0, 2, 0],
            "scale": [ 0.375, 0.375, 0.375 ]
        },
        "firstperson_righthand": {
            "rotation": [ 0, 45, 0 ],
            "translation": [ 0, 2, 0 ],
            "scale": [ 0.40, 0.40, 0.40 ]
        },
        "firstperson_lefthand": {
            "rotation": [ 0, 225, 0 ],
            "translation": [ 0, 2, 0 ],
            "scale": [ 0.40, 0.40, 0.40 ]
        }
    }
}