{
    "textures": {
        "bar": "block/dark_oak_planks",
		"top": "block/bell_top",
		"side": "block/bell_side",
		"bottom": "block/bell_bottom",
        "bar": "block/dark_oak_planks",
        "post": "block/bell_bottom"
    },
    "elements": [
        {
            "from": [ 5, 6, 5 ],
            "to": [ 11, 13, 11 ],
            "faces": {
                "north": {"uv": [ 1, 0, 7, 7 ], "texture": "#side" },
                "east":  {"uv": [ 1, 0, 7, 7 ], "texture": "#side" },
                "south": {"uv": [ 1, 0, 7, 7 ], "texture": "#side" },
                "west":  {"uv": [ 1, 0, 7, 7 ], "texture": "#side" },
                "up":    {"uv": [ 1, 1, 7, 7 ], "texture": "#top"  }
            }
        },
        {
            "from": [ 4, 4, 4 ],
            "to": [ 12, 6, 12 ],
            "faces": {
                "north": {"uv": [ 0, 7, 8, 9 ], "texture": "#side" },
                "east":  {"uv": [ 0, 7, 8, 9 ], "texture": "#side" },
                "south": {"uv": [ 0, 7, 8, 9 ], "texture": "#side" },
                "west":  {"uv": [ 0, 7, 8, 9 ], "texture": "#side" },
                "up":    {"uv": [ 0, 0, 8, 8 ], "texture": "#top"  },
				"down":  {"uv": [ 0, 0, 8, 8 ], "texture": "#bottom"  }
            }
        },
        {
            "from": [ 2, 13, 7 ],
            "to": [ 14, 15, 9 ],
            "faces": {
                "north": { "uv": [ 2, 3, 14, 5 ], "texture": "#bar" },
                "south": { "uv": [ 2, 3, 14, 5 ], "texture": "#bar" },
                "up":    { "uv": [ 2, 3, 14, 5 ], "texture": "#bar" },
                "down":  { "uv": [ 2, 3, 14, 5 ], "texture": "#bar" }
            }
        },
        {
            "from": [ 14, 0, 6 ],
            "to": [ 16, 16, 10 ],
            "faces": {
                "north": { "uv": [ 14, 0, 16, 16 ], "texture": "#post" },
                "east":  { "uv": [ 10, 0, 14, 16 ], "texture": "#post" },
                "south": { "uv": [ 14, 0, 16, 16 ], "texture": "#post" },
                "west":  { "uv": [ 10, 0, 14, 16 ], "texture": "#post" },
                "up":    { "uv": [ 14, 0, 16, 4 ], "texture": "#post", "cullface": "up" },
                "down":  { "uv": [ 14, 0, 16, 4 ], "texture": "#post", "cullface": "down" }
            }
        },
        {
            "from": [ 0, 0, 6 ],
            "to": [ 2, 16, 10 ],
            "faces": {
                "north": { "uv": [ 14, 0, 16, 16 ], "texture": "#post" },
                "east":  { "uv": [ 10, 0, 14, 16 ], "texture": "#post" },
                "south": { "uv": [ 14, 0, 16, 16 ], "texture": "#post" },
                "west":  { "uv": [ 10, 0, 14, 16 ], "texture": "#post" },
                "up":    { "uv": [ 14, 0, 16, 4 ], "texture": "#post","cullface": "up" },
                "down":  { "uv": [ 14, 0, 16, 4 ], "texture": "#post", "cullface": "down" }
            }
        }
    ],
    "display": {
        "gui": {
            "rotation": [ 30, 225, 0 ],
            "translation": [ 0, 0, 0],
            "scale":[ 0.625, 0.625, 0.625 ]
        },
        "ground": {
            "rotation": [ 0, 0, 0 ],
            "translation": [ 0, 3, 0],
            "scale":[ 0.25, 0.25, 0.25 ]
        },
        "fixed": {
            "rotation": [ 0, 0, 0 ],
            "translation": [ 0, 0, 0],
            "scale":[ 0.5, 0.5, 0.5 ]
        },
        "thirdperson_righthand": {
            "rotation": [ 75, 45, 0 ],
            "translation": [ 0, 2.5, 0],
            "scale": [ 0.375, 0.375, 0.375 ]
        },
        "firstperson_righthand": {
            "rotation": [ 0, 135, 0 ],
            "translation": [ 0, 2, 0 ],
            "scale": [ 0.40, 0.40, 0.40 ]
        },
        "firstperson_lefthand": {
            "rotation": [ 0, 315, 0 ],
            "translation": [ 0, 2, 0 ],
            "scale": [ 0.40, 0.40, 0.40 ]
        }
    }
}
