{	"parent": "block/thin_block",
    "textures": {
        "bottom": "block/cake_bottom",
        "top": "block/cake_top",
        "side": "block/cake_side"
    },
    "elements": [
        {   "from": [ 1, 0, 1 ],
            "to": [ 15, 8, 15 ],
            "faces": {
                "down":  { "texture": "#bottom", "cullface": "down" },
                "up":    { "texture": "#top" },
                "north": { "texture": "#side" },
                "south": { "texture": "#side" },
                "west":  { "texture": "#side" },
                "east":  { "texture": "#side" }
            }
        }
    ],
    "display": {
        "fixed": {
            "rotation": [ 270, 0, 0 ],
            "translation": [ 0, 0, -3],
            "scale":[ 0.5, 0.5, 0.5 ]
        }
    }
}
