{	"parent": "block/block",
    "textures": {
        "flowerpot": "block/flower_pot",
        "dirt": "block/dirt"
    },
    "elements": [
        {   "from": [ 3, 3, 3 ],
            "to": [ 4.5, 13, 13 ],
            "faces": {
                "down":  { "uv": [ 5, 5, 6, 11 ], "texture": "#flowerpot"},
                "up":    { "uv": [ 5, 5, 6, 11 ], "texture": "#flowerpot" },
                "north": { "uv": [ 10, 10, 11, 16 ], "texture": "#flowerpot" },
                "south": { "uv": [ 5, 10, 6, 16 ], "texture": "#flowerpot" },
                "west":  { "uv": [ 5, 10, 11, 16 ], "texture": "#flowerpot" },
                "east":  { "uv": [ 5, 10, 11, 16 ], "texture": "#flowerpot" }
            }
        },
        {   "from": [ 11.5, 3, 3 ],
            "to": [ 13, 13, 13 ],
            "faces": {
                "down":  { "uv": [ 10, 5, 11, 11 ], "texture": "#flowerpot"},
                "up":    { "uv": [ 10, 5, 11, 11 ], "texture": "#flowerpot" },
                "north": { "uv": [ 5, 10, 6, 16 ], "texture": "#flowerpot" },
                "south": { "uv": [ 10, 10, 11, 16 ], "texture": "#flowerpot" },
                "west":  { "uv": [ 5, 10, 11, 16 ], "texture": "#flowerpot" },
                "east":  { "uv": [ 5, 10, 11, 16 ], "texture": "#flowerpot" }
            }
        },
        {   "from": [ 4.5, 3, 3 ],
            "to": [ 11.5, 13, 4.5 ],
            "faces": {
                "down":  { "uv": [ 6, 10, 10, 11 ], "texture": "#flowerpot"},
                "up":    { "uv": [ 6, 5, 10, 6 ], "texture": "#flowerpot" },
                "north": { "uv": [ 6, 10, 10, 16 ], "texture": "#flowerpot" },
                "south": { "uv": [ 6, 10, 10, 16 ], "texture": "#flowerpot" }
            }
        },
        {   "from": [ 4.5, 3, 11.5 ],
            "to": [ 11.5, 13, 13 ],
            "faces": {
                "down":  { "uv": [ 6, 5, 10, 6 ], "texture": "#flowerpot"},
                "up":    { "uv": [ 6, 10, 10, 11 ], "texture": "#flowerpot" },
                "north": { "uv": [ 6, 10, 10, 16 ], "texture": "#flowerpot" },
                "south": { "uv": [ 6, 10, 10, 16 ], "texture": "#flowerpot" }
            }
        },
        {   "from": [ 4.5, 3, 4.5 ],
            "to": [ 11.5, 10, 11.5 ],
            "faces": {
                "down": { "uv": [ 6, 11, 10, 15 ], "texture": "#flowerpot"},
                "up":   { "uv": [ 6, 6, 10, 10 ], "texture": "#dirt" }
            }
        }
    ]
}
