{   "parent": "block/thin_block",
    "__createdwith": "opl's Model Creator",
    "textures": {
        "minecart": "block/transportation/minecart"
    },
    "elements": [
        {
            "from": [-2,0,0],
            "to": [18,2,16],
            "faces": {
                "up": {
                    "uv": [0,8,10,16],
                    "texture": "#minecart"
                },
                "down": {
                    "uv": [0,0,10,8],
                    "texture": "#minecart"
                },
                "west": {
                    "uv": [15,0,16,8],
                    "texture": "#minecart",
                    "rotation": 270
                },
                "east": {
                    "uv": [15,0,16,8],
                    "texture": "#minecart",
                    "rotation": 270
                },
                "north": {
                    "uv": [14,0,15,10],
                    "texture": "#minecart",
                    "rotation": 270
                },
                "south": {
                    "uv": [14,0,15,10],
                    "texture": "#minecart",
                    "rotation": 270
                }
            }
        },
        {
            "from": [0,2,14],
            "to": [16,10,16],
            "faces": {
                "up": {
                    "uv": [15,8,16,16],
                    "texture": "#minecart",
                    "rotation": 90
                },
                "north": {
                    "uv": [10,0,14,8],
                    "texture": "#minecart",
                    "rotation": 270
                },
                "south": {
                    "uv": [10,8,14,16],
                    "texture": "#minecart",
                    "rotation": 270
                }
            }
        },
        {
            "from": [0,2,0],
            "to": [16,10,2],
            "faces": {
                "up": {
                    "uv": [15,8,16,16],
                    "texture": "#minecart",
                    "rotation": 90
                },
                "north": {
                    "uv": [10,8,14,16],
                    "texture": "#minecart",
                    "rotation": 270
                },
                "south": {
                    "uv": [10,0,14,8],
                    "texture": "#minecart",
                    "rotation": 270
                }
            }
        },
        {
            "from": [-2,2,0],
            "to": [0,10,16],
            "faces": {
                "up": {
                    "uv": [15,8,16,16],
                    "texture": "#minecart"
                },
                "west": {
                    "uv": [10,8,14,16],
                    "texture": "#minecart",
                    "rotation": 270
                },
                "east": {
                    "uv": [10,0,14,8],
                    "texture": "#minecart",
                    "rotation": 270
                },
                "north": {
                    "uv": [14,12,15,16],
                    "texture": "#minecart"
                },
                "south": {
                    "uv": [15,12,14,16],
                    "texture": "#minecart"
                }
            }
        },
        {
            "from": [16,2,0],
            "to": [18,10,16],
            "faces": {
                "up": {
                    "uv": [15,8,16,16],
                    "texture": "#minecart"
                },
                "west": {
                    "uv": [10,0,14,8],
                    "texture": "#minecart",
                    "rotation": 270
                },
                "east": {
                    "uv": [10,8,14,16],
                    "texture": "#minecart",
                    "rotation": 270
                },
                "north": {
                    "uv": [15,12,14,16],
                    "texture": "#minecart"
                },
                "south": {
                    "uv": [14,12,15,16],
                    "texture": "#minecart"
                }
            }
        }
    ],
    "display": {
        "firstperson_righthand": {
            "rotation": [ 0, 135, 0 ],
            "translation": [ 0, 2, 0 ],
            "scale": [ 0.40, 0.40, 0.40 ]
        },
        "firstperson_lefthand": {
            "rotation": [ 0, 135, 0 ],
            "translation": [ 0, 2, 0 ],
            "scale": [ 0.40, 0.40, 0.40 ]
        }
    }
}