{   "parent": "block/thin_block",
    "textures": {
        "slab": "block/smooth_stone",
        "top": "block/repeater",
        "unlit": "block/redstone_torch_off"
    },
    "elements": [
        {   "from": [ 0, 0, 0 ],
            "to": [ 16, 2, 16 ],
            "faces": {
                "down":  { "uv": [ 0,  0, 16, 16 ], "texture": "#slab" },
                "up":    { "uv": [ 0,  0, 16, 16 ], "texture": "#top" },
                "north": { "uv": [ 0, 14, 16, 16 ], "texture": "#slab"},
                "south": { "uv": [ 0, 14, 16, 16 ], "texture": "#slab"},
                "west":  { "uv": [ 0, 14, 16, 16 ], "texture": "#slab"},
                "east":  { "uv": [ 0, 14, 16, 16 ], "texture": "#slab"}
            }
        },
        {   "from": [ 7, 2, 6 ],
            "to": [ 9, 7, 8 ],
            "faces": {
                "down":  { "uv": [ 7, 13, 9, 15 ], "texture": "#unlit" },
                "up":    { "uv": [ 7,  6, 9,  8 ], "texture": "#unlit" },
                "north": { "uv": [ 7,  6, 9, 11 ], "texture": "#unlit" },
                "south": { "uv": [ 7,  6, 9, 11 ], "texture": "#unlit" },
                "west":  { "uv": [ 7,  6, 9, 11 ], "texture": "#unlit" },
                "east":  { "uv": [ 7,  6, 9, 11 ], "texture": "#unlit" }
            }
        },
        {   "from": [ 7, 2, 2 ],
            "to": [ 9, 7, 4 ],
            "faces": {
                "down":  { "uv": [ 7, 13, 9, 15 ], "texture": "#unlit" },
                "up":    { "uv": [ 7,  6, 9,  8 ], "texture": "#unlit" },
                "north": { "uv": [ 7,  6, 9, 11 ], "texture": "#unlit" },
                "south": { "uv": [ 7,  6, 9, 11 ], "texture": "#unlit" },
                "west":  { "uv": [ 7,  6, 9, 11 ], "texture": "#unlit" },
                "east":  { "uv": [ 7,  6, 9, 11 ], "texture": "#unlit" }
            }
        }
    ],
    "display": {
        "fixed": {
            "rotation": [ 270, 180, 0 ],
            "translation": [ 0, 0, -3],
            "scale":[ 0.5, 0.5, 0.5 ]
        },
        "firstperson_lefthand": {
            "rotation": [ 0, 45, 0 ],
            "translation": [ 0, 4.2, 0 ],
            "scale": [ 0.40, 0.40, 0.40 ]
        }
    }
}
